{
    "name": "root",
    "metadata": {
        "timer_format_version": "0.1.0",
        "start_time_seconds": "1727964547",
        "python_version": "3.10.11 (tags/v3.10.11:7d4cc5a, Apr  5 2023, 00:38:17) [MSC v.1929 64 bit (AMD64)]",
        "command_line_arguments": "C:\\Users\\user\\desktop\\Project2-1\\AIML20\\venv\\Scripts\\mlagents-learn --force",
        "mlagents_version": "1.1.0.dev0",
        "mlagents_envs_version": "1.1.0.dev0",
        "communication_protocol_version": "1.5.0",
        "pytorch_version": "2.4.1+cpu",
        "numpy_version": "1.23.5",
        "end_time_seconds": "1727964628"
    },
    "total": 80.90156980001484,
    "count": 1,
    "self": 0.007085299992468208,
    "children": {
        "run_training.setup": {
            "total": 0.021458400005940348,
            "count": 1,
            "self": 0.021458400005940348
        },
        "TrainerController.start_learning": {
            "total": 80.87302610001643,
            "count": 1,
            "self": 0.033230500237550586,
            "children": {
                "TrainerController._reset_env": {
                    "total": 6.576973999995971,
                    "count": 1,
                    "self": 6.576973999995971
                },
                "TrainerController.advance": {
                    "total": 74.11373489975813,
                    "count": 1389,
                    "self": 0.027035999490180984,
                    "children": {
                        "env_step": {
                            "total": 70.68639080005232,
                            "count": 1389,
                            "self": 69.76768499964965,
                            "children": {
                                "SubprocessEnvManager._take_step": {
                                    "total": 0.9008245003351476,
                                    "count": 1389,
                                    "self": 0.0721825003856793,
                                    "children": {
                                        "TorchPolicy.evaluate": {
                                            "total": 0.8286419999494683,
                                            "count": 991,
                                            "self": 0.8286419999494683
                                        }
                                    }
                                },
                                "workers": {
                                    "total": 0.017881300067529082,
                                    "count": 1388,
                                    "self": 0.0,
                                    "children": {
                                        "worker_root": {
                                            "total": 12.350765600567684,
                                            "count": 1388,
                                            "is_parallel": true,
                                            "self": 7.197909400914796,
                                            "children": {
                                                "steps_from_proto": {
                                                    "total": 0.0004330000083427876,
                                                    "count": 1,
                                                    "is_parallel": true,
                                                    "self": 0.00015190005069598556,
                                                    "children": {
                                                        "_process_rank_one_or_two_observation": {
                                                            "total": 0.00028109995764680207,
                                                            "count": 2,
                                                            "is_parallel": true,
                                                            "self": 0.00028109995764680207
                                                        }
                                                    }
                                                },
                                                "UnityEnvironment.step": {
                                                    "total": 5.152423199644545,
                                                    "count": 1388,
                                                    "is_parallel": true,
                                                    "self": 0.14194150027469732,
                                                    "children": {
                                                        "UnityEnvironment._generate_step_input": {
                                                            "total": 0.269277399755083,
                                                            "count": 1388,
                                                            "is_parallel": true,
                                                            "self": 0.269277399755083
                                                        },
                                                        "communicator.exchange": {
                                                            "total": 4.466020999767352,
                                                            "count": 1388,
                                                            "is_parallel": true,
                                                            "self": 4.466020999767352
                                                        },
                                                        "steps_from_proto": {
                                                            "total": 0.27518329984741285,
                                                            "count": 1388,
                                                            "is_parallel": true,
                                                            "self": 0.11088279908290133,
                                                            "children": {
                                                                "_process_rank_one_or_two_observation": {
                                                                    "total": 0.16430050076451153,
                                                                    "count": 2776,
                                                                    "is_parallel": true,
                                                                    "self": 0.16430050076451153
                                                                }
                                                            }
                                                        }
                                                    }
                                                }
                                            }
                                        }
                                    }
                                }
                            }
                        },
                        "trainer_advance": {
                            "total": 3.400308100215625,
                            "count": 1388,
                            "self": 0.03757919988129288,
                            "children": {
                                "process_trajectory": {
                                    "total": 1.3243719003221486,
                                    "count": 1388,
                                    "self": 1.3243719003221486
                                },
                                "_update_policy": {
                                    "total": 2.0383570000121836,
                                    "count": 1,
                                    "self": 1.5993957999744453,
                                    "children": {
                                        "TorchPPOOptimizer.update": {
                                            "total": 0.4389612000377383,
                                            "count": 30,